Passenger ID,Age,Fare,Sex,No. of Siblings/Spouses,No. of Parents/Children,Passenger Class,Embarked,Survived
1,22,7,0,1,0,3,2,0
2,38,71,1,1,0,1,0,1
3,26,8,1,0,0,3,2,1
4,35,53,1,1,0,1,2,1
5,35,8,0,0,0,3,2,0
6,28,8,0,0,0,3,1,0
7,54,52,0,0,0,1,2,0
8,2,21,0,3,1,3,2,0
9,27,11,1,0,2,3,2,1
10,14,30,1,1,0,2,0,1
11,4,17,1,1,1,3,2,1
12,58,27,1,0,0,1,2,1
13,20,8,0,0,0,3,2,0
14,39,31,0,1,5,3,2,0
15,14,8,1,0,0,3,2,0
16,55,16,1,0,0,2,2,1
17,2,29,0,4,1,3,1,0
18,28,13,0,0,0,2,2,1
19,31,18,1,1,0,3,2,0
20,28,7,1,0,0,3,0,1
21,35,26,0,0,0,2,2,0
22,34,13,0,0,0,2,2,1
23,15,8,1,0,0,3,1,1
24,28,36,0,0,0,1,2,1
25,8,21,1,3,1,3,2,0
26,38,31,1,1,5,3,2,1
27,28,7,0,0,0,3,0,0
28,19,263,0,3,2,1,2,0
29,28,8,1,0,0,3,1,1
30,28,8,0,0,0,3,2,0
31,40,28,0,0,0,1,0,0
32,28,147,1,1,0,1,0,1
33,28,8,1,0,0,3,1,1
34,66,10,0,0,0,2,2,0
35,28,82,0,1,0,1,0,0
36,42,52,0,1,0,1,2,0
37,28,7,0,0,0,3,0,1
38,21,8,0,0,0,3,2,0
39,18,18,1,2,0,3,2,0
40,14,11,1,1,0,3,0,1
41,40,9,1,1,0,3,2,0
42,27,21,1,1,0,2,2,0
43,28,8,0,0,0,3,0,0
44,3,42,1,1,2,2,0,1
45,19,8,1,0,0,3,1,1
46,28,8,0,0,0,3,2,0
47,28,16,0,1,0,3,1,0
48,28,8,1,0,0,3,1,1
49,28,22,0,2,0,3,0,0
50,18,18,1,1,0,3,2,0
51,7,40,0,4,1,3,2,0
52,21,8,0,0,0,3,2,0
53,49,77,1,1,0,1,0,1
54,29,26,1,1,0,2,2,1
55,65,62,0,0,1,1,0,0
56,28,36,0,0,0,1,2,1
57,21,10,1,0,0,2,2,1
58,28,7,0,0,0,3,0,0
59,5,28,1,1,2,2,2,1
60,11,47,0,5,2,3,2,0
61,22,7,0,0,0,3,0,0
62,38,80,1,0,0,1,,1
63,45,83,0,1,0,1,2,0
64,4,28,0,3,2,3,2,0
65,28,28,0,0,0,1,0,0
66,28,15,0,1,1,3,0,1
67,29,10,1,0,0,2,2,1
68,19,8,0,0,0,3,2,0
69,17,8,1,4,2,3,2,1
70,26,9,0,2,0,3,2,0
71,32,10,0,0,0,2,2,0
72,16,47,1,5,2,3,2,0
73,21,74,0,0,0,2,2,0
74,26,14,0,1,0,3,0,0
75,32,56,0,0,0,3,2,1
76,25,8,0,0,0,3,2,0
77,28,8,0,0,0,3,2,0
78,28,8,0,0,0,3,2,0
79,1,29,0,0,2,2,2,1
80,30,12,1,0,0,3,2,1
81,22,9,0,0,0,3,2,0
82,29,10,0,0,0,3,2,1
83,28,8,1,0,0,3,1,1
84,28,47,0,0,0,1,2,0
85,17,10,1,0,0,2,2,1
86,33,16,1,3,0,3,2,1
87,16,34,0,1,3,3,2,0
88,28,8,0,0,0,3,2,0
89,23,263,1,3,2,1,2,1
90,24,8,0,0,0,3,2,0
91,29,8,0,0,0,3,2,0
92,20,8,0,0,0,3,2,0
93,46,61,0,1,0,1,2,0
94,26,21,0,1,2,3,2,0
95,59,7,0,0,0,3,2,0
96,28,8,0,0,0,3,2,0
97,71,35,0,0,0,1,0,0
98,23,63,0,0,1,1,0,1
99,34,23,1,0,1,2,2,1
100,34,26,0,1,0,2,2,0
101,28,8,1,0,0,3,2,0
102,28,8,0,0,0,3,2,0
103,21,77,0,0,1,1,2,0
104,33,9,0,0,0,3,2,0
105,37,8,0,2,0,3,2,0
106,28,8,0,0,0,3,2,0
107,21,8,1,0,0,3,2,1
108,28,8,0,0,0,3,2,1
109,38,8,0,0,0,3,2,0
110,28,24,1,1,0,3,1,1
111,47,52,0,0,0,1,2,0
112,14,14,1,1,0,3,0,0
113,22,8,0,0,0,3,2,0
114,20,10,1,1,0,3,2,0
115,17,14,1,0,0,3,0,0
116,21,8,0,0,0,3,2,0
117,70,8,0,0,0,3,1,0
118,29,21,0,1,0,2,2,0
119,24,248,0,0,1,1,0,0
120,2,31,1,4,2,3,2,0
121,21,74,0,2,0,2,2,0
122,28,8,0,0,0,3,2,0
123,32,30,0,1,0,2,0,0
124,32,13,1,0,0,2,2,1
125,54,77,0,0,1,1,2,0
126,12,11,0,1,0,3,0,1
127,28,8,0,0,0,3,1,0
128,24,7,0,0,0,3,2,1
129,28,22,1,1,1,3,0,1
130,45,7,0,0,0,3,2,0
131,33,8,0,0,0,3,0,0
132,20,7,0,0,0,3,2,0
133,47,14,1,1,0,3,2,0
134,29,26,1,1,0,2,2,1
135,25,13,0,0,0,2,2,0
136,23,15,0,0,0,2,0,0
137,19,26,1,0,2,1,2,1
138,37,53,0,1,0,1,2,0
139,16,9,0,0,0,3,2,0
140,24,79,0,0,0,1,0,0
141,28,15,1,0,2,3,0,0
142,22,8,1,0,0,3,2,1
143,24,16,1,1,0,3,2,1
144,19,7,0,0,0,3,1,0
145,18,12,0,0,0,2,2,0
146,19,37,0,1,1,2,2,0
147,27,8,0,0,0,3,2,1
148,9,34,1,2,2,3,2,0
149,36,26,0,0,2,2,2,0
150,42,13,0,0,0,2,2,0
151,51,13,0,0,0,2,2,0
152,22,67,1,1,0,1,2,1
153,56,8,0,0,0,3,2,0
154,40,14,0,0,2,3,2,0
155,28,7,0,0,0,3,2,0
156,51,61,0,0,1,1,0,0
157,16,8,1,0,0,3,1,1
158,30,8,0,0,0,3,2,0
159,28,9,0,0,0,3,2,0
160,28,70,0,8,2,3,2,0
161,44,16,0,0,1,3,2,0
162,40,16,1,0,0,2,2,1
163,26,8,0,0,0,3,2,0
164,17,9,0,0,0,3,2,0
165,1,40,0,4,1,3,2,0
166,9,21,0,0,2,3,2,1
167,28,55,1,0,1,1,2,1
168,45,28,1,1,4,3,2,0
169,28,26,0,0,0,1,2,0
170,28,56,0,0,0,3,2,0
171,61,34,0,0,0,1,2,0
172,4,29,0,4,1,3,1,0
173,1,11,1,1,1,3,2,1
174,21,8,0,0,0,3,2,0
175,56,31,0,0,0,1,0,0
176,18,8,0,1,1,3,2,0
177,28,25,0,3,1,3,2,0
178,50,29,1,0,0,1,0,0
179,30,13,0,0,0,2,2,0
180,36,0,0,0,0,3,2,0
181,28,70,1,8,2,3,2,0
182,28,15,0,0,0,2,0,0
183,9,31,0,4,2,3,2,0
184,1,39,0,2,1,2,2,1
185,4,22,1,0,2,3,2,1
186,28,50,0,0,0,1,2,0
187,28,16,1,1,0,3,1,1
188,45,27,0,0,0,1,2,1
189,40,16,0,1,1,3,1,0
190,36,8,0,0,0,3,2,0
191,32,13,1,0,0,2,2,1
192,19,13,0,0,0,2,2,0
193,19,8,1,1,0,3,2,1
194,3,26,0,1,1,2,2,1
195,44,28,1,0,0,1,0,1
196,58,147,1,0,0,1,0,1
197,28,8,0,0,0,3,1,0
198,42,8,0,0,1,3,2,0
199,28,8,1,0,0,3,1,1
200,24,13,1,0,0,2,2,0
201,28,10,0,0,0,3,2,0
202,28,70,0,8,2,3,2,0
203,34,6,0,0,0,3,2,0
204,46,7,0,0,0,3,0,0
205,18,8,0,0,0,3,2,1
206,2,10,1,0,1,3,2,0
207,32,16,0,1,0,3,2,0
208,26,19,0,0,0,3,0,1
209,16,8,1,0,0,3,1,1
210,40,31,0,0,0,1,0,1
211,24,7,0,0,0,3,2,0
212,35,21,1,0,0,2,2,1
213,22,7,0,0,0,3,2,0
214,30,13,0,0,0,2,2,0
215,28,8,0,1,0,3,1,0
216,31,113,1,1,0,1,0,1
217,27,8,1,0,0,3,2,1
218,42,27,0,1,0,2,2,0
219,32,76,1,0,0,1,0,1
220,30,10,0,0,0,2,2,0
221,16,8,0,0,0,3,2,1
222,27,13,0,0,0,2,2,0
223,51,8,0,0,0,3,2,0
224,28,8,0,0,0,3,2,0
225,38,90,0,1,0,1,2,1
226,22,9,0,0,0,3,2,0
227,19,10,0,0,0,2,2,1
228,20,7,0,0,0,3,2,0
229,18,13,0,0,0,2,2,0
230,28,25,1,3,1,3,2,0
231,35,83,1,1,0,1,2,1
232,29,8,0,0,0,3,2,0
233,59,14,0,0,0,2,2,0
234,5,31,1,4,2,3,2,1
235,24,10,0,0,0,2,2,0
236,28,8,1,0,0,3,2,0
237,44,26,0,1,0,2,2,0
238,8,26,1,0,2,2,2,1
239,19,10,0,0,0,2,2,0
240,33,12,0,0,0,2,2,0
241,28,14,1,1,0,3,0,0
242,28,16,1,1,0,3,1,1
243,29,10,0,0,0,2,2,0
244,22,7,0,0,0,3,2,0
245,30,7,0,0,0,3,0,0
246,44,90,0,2,0,1,1,0
247,25,8,1,0,0,3,2,0
248,24,14,1,0,2,2,2,1
249,37,53,0,1,1,1,2,1
250,54,26,0,1,0,2,2,0
251,28,7,0,0,0,3,2,0
252,29,10,1,1,1,3,2,0
253,62,27,0,0,0,1,2,0
254,30,16,0,1,0,3,2,0
255,41,20,1,0,2,3,2,0
256,29,15,1,0,2,3,0,1
257,28,79,1,0,0,1,0,1
258,30,86,1,0,0,1,2,1
259,35,512,1,0,0,1,0,1
260,50,26,1,0,1,2,2,1
261,28,8,0,0,0,3,1,0
262,3,31,0,4,2,3,2,1
263,52,80,0,1,1,1,2,0
264,40,0,0,0,0,1,2,0
265,28,8,1,0,0,3,1,0
266,36,10,0,0,0,2,2,0
267,16,40,0,4,1,3,2,0
268,25,8,0,1,0,3,2,1
269,58,153,1,0,1,1,2,1
270,35,136,1,0,0,1,2,1
271,28,31,0,0,0,1,2,0
272,25,0,0,0,0,3,2,1
273,41,20,1,0,1,2,2,1
274,37,30,0,0,1,1,0,0
275,28,8,1,0,0,3,1,1
276,63,78,1,1,0,1,2,1
277,45,8,1,0,0,3,2,0
278,28,0,0,0,0,2,2,0
279,7,29,0,4,1,3,1,0
280,35,20,1,1,1,3,2,1
281,65,8,0,0,0,3,1,0
282,28,8,0,0,0,3,2,0
283,16,10,0,0,0,3,2,0
284,19,8,0,0,0,3,2,1
285,28,26,0,0,0,1,2,0
286,33,9,0,0,0,3,0,0
287,30,10,0,0,0,3,2,1
288,22,8,0,0,0,3,2,0
289,42,13,0,0,0,2,2,1
290,22,8,1,0,0,3,1,1
291,26,79,1,0,0,1,2,1
292,19,91,1,1,0,1,0,1
293,36,13,0,0,0,2,0,0
294,24,9,1,0,0,3,2,0
295,24,8,0,0,0,3,2,0
296,28,28,0,0,0,1,0,0
297,24,7,0,0,0,3,0,0
298,2,152,1,1,2,1,2,0
299,28,30,0,0,0,1,2,1
300,50,248,1,0,1,1,0,1
301,28,8,1,0,0,3,1,1
302,28,23,0,2,0,3,1,1
303,19,0,0,0,0,3,2,0
304,28,12,1,0,0,2,1,1
305,28,8,0,0,0,3,2,0
306,1,152,0,1,2,1,2,1
307,28,111,1,0,0,1,0,1
308,17,109,1,1,0,1,0,1
309,30,24,0,1,0,2,0,0
310,30,57,1,0,0,1,0,1
311,24,83,1,0,0,1,0,1
312,18,262,1,2,2,1,0,1
313,26,26,1,1,1,2,2,0
314,28,8,0,0,0,3,2,0
315,43,26,0,1,1,2,2,0
316,26,8,1,0,0,3,2,1
317,24,26,1,1,0,2,2,1
318,54,14,0,0,0,2,2,0
319,31,165,1,0,2,1,2,1
320,40,134,1,1,1,1,0,1
321,22,7,0,0,0,3,2,0
322,27,8,0,0,0,3,2,0
323,30,12,1,0,0,2,1,1
324,22,29,1,1,1,2,2,1
325,28,70,0,8,2,3,2,0
326,36,136,1,0,0,1,0,1
327,61,6,0,0,0,3,2,0
328,36,13,1,0,0,2,2,1
329,31,21,1,1,1,3,2,1
330,16,58,1,0,1,1,0,1
331,28,23,1,2,0,3,1,1
332,46,28,0,0,0,1,2,0
333,38,153,0,0,1,1,2,0
334,16,18,0,2,0,3,2,0
335,28,134,1,1,0,1,2,1
336,28,8,0,0,0,3,2,0
337,29,67,0,1,0,1,2,0
338,41,134,1,0,0,1,0,1
339,45,8,0,0,0,3,2,1
340,45,36,0,0,0,1,2,0
341,2,26,0,1,1,2,2,1
342,24,263,1,3,2,1,2,1
343,28,13,0,0,0,2,2,0
344,25,13,0,0,0,2,2,0
345,36,13,0,0,0,2,2,0
346,24,13,1,0,0,2,2,1
347,40,13,1,0,0,2,2,1
348,28,16,1,1,0,3,2,1
349,3,16,0,1,1,3,2,1
350,42,9,0,0,0,3,2,0
351,23,9,0,0,0,3,2,0
352,28,35,0,0,0,1,2,0
353,15,7,0,1,1,3,0,0
354,25,18,0,1,0,3,2,0
355,28,7,0,0,0,3,0,0
356,28,10,0,0,0,3,2,0
357,22,55,1,0,1,1,2,1
358,38,13,1,0,0,2,2,0
359,28,8,1,0,0,3,1,1
360,28,8,1,0,0,3,1,1
361,40,28,0,1,4,3,2,0
362,29,28,0,1,0,2,0,0
363,45,14,1,0,1,3,0,0
364,35,7,0,0,0,3,2,0
365,28,16,0,1,0,3,1,0
366,30,7,0,0,0,3,2,0
367,60,75,1,1,0,1,0,1
368,28,7,1,0,0,3,0,1
369,28,8,1,0,0,3,1,1
370,24,69,1,0,0,1,0,1
371,25,55,0,1,0,1,0,1
372,18,6,0,1,0,3,2,0
373,19,8,0,0,0,3,2,0
374,22,136,0,0,0,1,0,0
375,3,21,1,3,1,3,2,0
376,28,82,1,1,0,1,0,1
377,22,7,1,0,0,3,2,1
378,27,212,0,0,2,1,0,0
379,20,4,0,0,0,3,0,0
380,19,8,0,0,0,3,2,0
381,42,228,1,0,0,1,0,1
382,1,16,1,0,2,3,0,1
383,32,8,0,0,0,3,2,0
384,35,52,1,1,0,1,2,1
385,28,8,0,0,0,3,2,0
386,18,74,0,0,0,2,2,0
387,1,47,0,5,2,3,2,0
388,36,13,1,0,0,2,2,1
389,28,8,0,0,0,3,1,0
390,17,12,1,0,0,2,0,1
391,36,120,0,1,2,1,2,1
392,21,8,0,0,0,3,2,1
393,28,8,0,2,0,3,2,0
394,23,113,1,1,0,1,0,1
395,24,17,1,0,2,3,2,1
396,22,8,0,0,0,3,2,0
397,31,8,1,0,0,3,2,0
398,46,26,0,0,0,2,2,0
399,23,10,0,0,0,2,2,0
400,28,13,1,0,0,2,2,1
401,39,8,0,0,0,3,2,1
402,26,8,0,0,0,3,2,0
403,21,10,1,1,0,3,2,0
404,28,16,0,1,0,3,2,0
405,20,9,1,0,0,3,2,0
406,34,21,0,1,0,2,2,0
407,51,8,0,0,0,3,2,0
408,3,19,0,1,1,2,2,1
409,21,8,0,0,0,3,2,0
410,28,25,1,3,1,3,2,0
411,28,8,0,0,0,3,2,0
412,28,7,0,0,0,3,1,0
413,33,90,1,1,0,1,1,1
414,28,0,0,0,0,2,2,0
415,44,8,0,0,0,3,2,1
416,28,8,1,0,0,3,2,0
417,34,32,1,1,1,2,2,1
418,18,13,1,0,2,2,2,1
419,30,13,0,0,0,2,2,0
420,10,24,1,0,2,3,2,0
421,28,8,0,0,0,3,0,0
422,21,8,0,0,0,3,1,0
423,29,8,0,0,0,3,2,0
424,28,14,1,1,1,3,2,0
425,18,20,0,1,1,3,2,0
426,28,7,0,0,0,3,2,0
427,28,26,1,1,0,2,2,1
428,19,26,1,0,0,2,2,1
429,28,8,0,0,0,3,1,0
430,32,8,0,0,0,3,2,1
431,28,27,0,0,0,1,2,1
432,28,16,1,1,0,3,2,1
433,42,26,1,1,0,2,2,1
434,17,7,0,0,0,3,2,0
435,50,56,0,1,0,1,2,0
436,14,120,1,1,2,1,2,1
437,21,34,1,2,2,3,2,0
438,24,19,1,2,3,2,2,1
439,64,263,0,1,4,1,2,0
440,31,10,0,0,0,2,2,0
441,45,26,1,1,1,2,2,1
442,20,10,0,0,0,3,2,0
443,25,8,0,1,0,3,2,0
444,28,13,1,0,0,2,2,1
445,28,8,0,0,0,3,2,1
446,4,82,0,0,2,1,2,1
447,13,20,1,0,1,2,2,1
448,34,27,0,0,0,1,2,1
449,5,19,1,2,1,3,0,1
450,52,30,0,0,0,1,2,1
451,36,28,0,1,2,2,2,0
452,28,20,0,1,0,3,2,0
453,30,28,0,0,0,1,0,0
454,49,89,0,1,0,1,0,1
455,28,8,0,0,0,3,2,0
456,29,8,0,0,0,3,0,1
457,65,27,0,0,0,1,2,0
458,28,52,1,1,0,1,2,1
459,50,10,1,0,0,2,2,1
460,28,8,0,0,0,3,1,0
461,48,27,0,0,0,1,2,1
462,34,8,0,0,0,3,2,0
463,47,38,0,0,0,1,2,0
464,48,13,0,0,0,2,2,0
465,28,8,0,0,0,3,2,0
466,38,7,0,0,0,3,2,0
467,28,0,0,0,0,2,2,0
468,56,27,0,0,0,1,2,0
469,28,8,0,0,0,3,1,0
470,1,19,1,2,1,3,0,1
471,28,7,0,0,0,3,2,0
472,38,9,0,0,0,3,2,0
473,33,28,1,1,2,2,2,1
474,23,14,1,0,0,2,0,1
475,22,10,1,0,0,3,2,0
476,28,52,0,0,0,1,2,0
477,34,21,0,1,0,2,2,0
478,29,7,0,1,0,3,2,0
479,22,8,0,0,0,3,2,0
480,2,12,1,0,1,3,2,1
481,9,47,0,5,2,3,2,0
482,28,0,0,0,0,2,2,0
483,50,8,0,0,0,3,2,0
484,63,10,1,0,0,3,2,1
485,25,91,0,1,0,1,0,1
486,28,25,1,3,1,3,2,0
487,35,90,1,1,0,1,2,1
488,58,30,0,0,0,1,0,0
489,30,8,0,0,0,3,2,0
490,9,16,0,1,1,3,2,1
491,28,20,0,1,0,3,2,0
492,21,7,0,0,0,3,2,0
493,55,30,0,0,0,1,2,0
494,71,50,0,0,0,1,0,0
495,21,8,0,0,0,3,2,0
496,28,14,0,0,0,3,0,0
497,54,78,1,1,0,1,0,1
498,28,15,0,0,0,3,2,0
499,25,152,1,1,2,1,2,0
500,24,8,0,0,0,3,2,0
501,17,9,0,0,0,3,2,0
502,21,8,1,0,0,3,1,0
503,28,8,1,0,0,3,1,0
504,37,10,1,0,0,3,2,0
505,16,86,1,0,0,1,2,1
506,18,109,0,1,0,1,0,0
507,33,26,1,0,2,2,2,1
508,28,27,0,0,0,1,2,1
509,28,23,0,0,0,3,2,0
510,26,56,0,0,0,3,2,1
511,29,8,0,0,0,3,1,1
512,28,8,0,0,0,3,2,0
513,36,26,0,0,0,1,2,1
514,54,59,1,1,0,1,0,1
515,24,7,0,0,0,3,2,0
516,47,34,0,0,0,1,2,0
517,34,10,1,0,0,2,2,1
518,28,24,0,0,0,3,1,0
519,36,26,1,1,0,2,2,1
520,32,8,0,0,0,3,2,0
521,30,94,1,0,0,1,2,1
522,22,8,0,0,0,3,2,0
523,28,7,0,0,0,3,0,0
524,44,58,1,0,1,1,0,1
525,28,7,0,0,0,3,0,0
526,40,8,0,0,0,3,1,0
527,50,10,1,0,0,2,2,1
528,28,222,0,0,0,1,2,0
529,39,8,0,0,0,3,2,0
530,23,12,0,2,1,2,2,0
531,2,26,1,1,1,2,2,1
532,28,7,0,0,0,3,0,0
533,17,7,0,1,1,3,0,0
534,28,22,1,0,2,3,0,1
535,30,9,1,0,0,3,2,0
536,7,26,1,0,2,2,2,1
537,45,27,0,0,0,1,2,0
538,30,106,1,0,0,1,0,1
539,28,14,0,0,0,3,2,0
540,22,50,1,0,2,1,0,1
541,36,71,1,0,2,1,2,1
542,9,31,1,4,2,3,2,0
543,11,31,1,4,2,3,2,0
544,32,26,0,1,0,2,2,1
545,50,106,0,1,0,1,0,0
546,64,26,0,0,0,1,2,0
547,19,26,1,1,0,2,2,1
548,28,14,0,0,0,2,0,1
549,33,21,0,1,1,3,2,0
550,8,37,0,1,1,2,2,1
551,17,111,0,0,2,1,0,1
552,27,26,0,0,0,2,2,0
553,28,8,0,0,0,3,1,0
554,22,7,0,0,0,3,0,1
555,22,8,1,0,0,3,2,1
556,62,27,0,0,0,1,2,0
557,48,40,1,1,0,1,0,1
558,28,228,0,0,0,1,0,0
559,39,80,1,1,1,1,2,1
560,36,17,1,1,0,3,2,1
561,28,8,0,0,0,3,1,0
562,40,8,0,0,0,3,2,0
563,28,14,0,0,0,2,2,0
564,28,8,0,0,0,3,2,0
565,28,8,1,0,0,3,2,0
566,24,24,0,2,0,3,2,0
567,19,8,0,0,0,3,2,0
568,29,21,1,0,4,3,2,0
569,28,7,0,0,0,3,0,0
570,32,8,0,0,0,3,2,1
571,62,10,0,0,0,2,2,1
572,53,51,1,2,0,1,2,1
573,36,26,0,0,0,1,2,1
574,28,8,1,0,0,3,1,1
575,16,8,0,0,0,3,2,0
576,19,14,0,0,0,3,2,0
577,34,13,1,0,0,2,2,1
578,39,56,1,1,0,1,2,1
579,28,14,1,1,0,3,0,0
580,32,8,0,0,0,3,2,1
581,25,30,1,1,1,2,2,1
582,39,111,1,1,1,1,0,1
583,54,26,0,0,0,2,2,0
584,36,40,0,0,0,1,0,0
585,28,9,0,0,0,3,0,0
586,18,80,1,0,2,1,2,1
587,47,15,0,0,0,2,2,0
588,60,79,0,1,1,1,0,1
589,22,8,0,0,0,3,2,0
590,28,8,0,0,0,3,2,0
591,35,7,0,0,0,3,2,0
592,52,78,1,1,0,1,0,1
593,47,7,0,0,0,3,2,0
594,28,8,1,0,2,3,1,0
595,37,26,0,1,0,2,2,0
596,36,24,0,1,1,3,2,0
597,28,33,1,0,0,2,2,1
598,49,0,0,0,0,3,2,0
599,28,7,0,0,0,3,0,0
600,49,57,0,1,0,1,0,1
601,24,27,1,2,1,2,2,1
602,28,8,0,0,0,3,2,0
603,28,42,0,0,0,1,2,0
604,44,8,0,0,0,3,2,0
605,35,27,0,0,0,1,0,1
606,36,16,0,1,0,3,2,0
607,30,8,0,0,0,3,2,0
608,27,30,0,0,0,1,2,1
609,22,42,1,1,2,2,0,1
610,40,153,1,0,0,1,2,1
611,39,31,1,1,5,3,2,0
612,28,7,0,0,0,3,2,0
613,28,16,1,1,0,3,1,1
614,28,8,0,0,0,3,1,0
615,35,8,0,0,0,3,2,0
616,24,65,1,1,2,2,2,1
617,34,14,0,1,1,3,2,0
618,26,16,1,1,0,3,2,0
619,4,39,1,2,1,2,2,1
620,26,10,0,0,0,2,2,0
621,27,14,0,1,0,3,0,0
622,42,53,0,1,0,1,2,1
623,20,16,0,1,1,3,0,1
624,21,8,0,0,0,3,2,0
625,21,16,0,0,0,3,2,0
626,61,32,0,0,0,1,2,0
627,57,12,0,0,0,2,1,0
628,21,78,1,0,0,1,2,1
629,26,8,0,0,0,3,2,0
630,28,8,0,0,0,3,1,0
631,80,30,0,0,0,1,2,1
632,51,7,0,0,0,3,2,0
633,32,30,0,0,0,1,0,1
634,28,0,0,0,0,1,2,0
635,9,28,1,3,2,3,2,0
636,28,13,1,0,0,2,2,1
637,32,8,0,0,0,3,2,0
638,31,26,0,1,1,2,2,0
639,41,40,1,0,5,3,2,0
640,28,16,0,1,0,3,2,0
641,20,8,0,0,0,3,2,0
642,24,69,1,0,0,1,0,1
643,2,28,1,3,2,3,2,0
644,28,56,0,0,0,3,2,1
645,1,19,1,2,1,3,0,1
646,48,77,0,1,0,1,0,1
647,19,8,0,0,0,3,2,0
648,56,36,0,0,0,1,0,1
649,28,8,0,0,0,3,2,0
650,23,8,1,0,0,3,2,1
651,28,8,0,0,0,3,2,0
652,18,23,1,0,1,2,2,1
653,21,8,0,0,0,3,2,0
654,28,8,1,0,0,3,1,1
655,18,7,1,0,0,3,1,0
656,24,74,0,2,0,2,2,0
657,28,8,0,0,0,3,2,0
658,32,16,1,1,1,3,1,0
659,23,13,0,0,0,2,2,0
660,58,113,0,0,2,1,0,0
661,50,134,0,2,0,1,2,1
662,40,7,0,0,0,3,0,0
663,47,26,0,0,0,1,2,0
664,36,7,0,0,0,3,2,0
665,20,8,0,1,0,3,2,1
666,32,74,0,2,0,2,2,0
667,25,13,0,0,0,2,2,0
668,28,8,0,0,0,3,2,0
669,43,8,0,0,0,3,2,0
670,28,52,1,1,0,1,2,1
671,40,39,1,1,1,2,2,1
672,31,52,0,1,0,1,2,0
673,70,10,0,0,0,2,2,0
674,31,13,0,0,0,2,2,1
675,28,0,0,0,0,2,2,0
676,18,8,0,0,0,3,2,0
677,24,8,0,0,0,3,2,0
678,18,10,1,0,0,3,2,1
679,43,47,1,1,6,3,2,0
680,36,512,0,0,1,1,0,1
681,28,8,1,0,0,3,1,0
682,27,77,0,0,0,1,0,1
683,20,9,0,0,0,3,2,0
684,14,47,0,5,2,3,2,0
685,60,39,0,1,1,2,2,0
686,25,42,0,1,2,2,0,0
687,14,40,0,4,1,3,2,0
688,19,10,0,0,0,3,2,0
689,18,8,0,0,0,3,2,0
690,15,211,1,0,1,1,2,1
691,31,57,0,1,0,1,2,1
692,4,13,1,0,1,3,0,1
693,28,56,0,0,0,3,2,1
694,25,7,0,0,0,3,0,0
695,60,27,0,0,0,1,2,0
696,52,14,0,0,0,2,2,0
697,44,8,0,0,0,3,2,0
698,28,8,1,0,0,3,1,1
699,49,111,0,1,1,1,0,0
700,42,8,0,0,0,3,2,0
701,18,228,1,1,0,1,0,1
702,35,26,0,0,0,1,2,1
703,18,14,1,0,1,3,0,0
704,25,8,0,0,0,3,1,0
705,26,8,0,1,0,3,2,0
706,39,26,0,0,0,2,2,0
707,45,14,1,0,0,2,2,1
708,42,26,0,0,0,1,2,1
709,22,152,1,0,0,1,2,1
710,28,15,0,1,1,3,0,1
711,24,50,1,0,0,1,0,1
712,28,27,0,0,0,1,2,0
713,48,52,0,1,0,1,2,1
714,29,9,0,0,0,3,2,0
715,52,13,0,0,0,2,2,0
716,19,8,0,0,0,3,2,0
717,38,228,1,0,0,1,0,1
718,27,10,1,0,0,2,2,1
719,28,16,0,0,0,3,1,0
720,33,8,0,0,0,3,2,0
721,6,33,1,0,1,2,2,1
722,17,7,0,1,0,3,2,0
723,34,13,0,0,0,2,2,0
724,50,13,0,0,0,2,2,0
725,27,53,0,1,0,1,2,1
726,20,9,0,0,0,3,2,0
727,30,21,1,3,0,2,2,1
728,28,8,1,0,0,3,1,1
729,25,26,0,1,0,2,2,0
730,25,8,1,1,0,3,2,0
731,29,211,1,0,0,1,2,1
732,11,19,0,0,0,3,0,0
733,28,0,0,0,0,2,2,0
734,23,13,0,0,0,2,2,0
735,23,13,0,0,0,2,2,0
736,28,16,0,0,0,3,2,0
737,48,34,1,1,3,3,2,0
738,35,512,0,0,0,1,0,1
739,28,8,0,0,0,3,2,0
740,28,8,0,0,0,3,2,0
741,28,30,0,0,0,1,2,1
742,36,79,0,1,0,1,2,0
743,21,262,1,2,2,1,0,1
744,24,16,0,1,0,3,2,0
745,31,8,0,0,0,3,2,1
746,70,71,0,1,1,1,2,0
747,16,20,0,1,1,3,2,0
748,30,13,1,0,0,2,2,1
749,19,53,0,1,0,1,2,0
750,31,8,0,0,0,3,1,0
751,4,23,1,1,1,2,2,1
752,6,12,0,0,1,3,2,1
753,33,10,0,0,0,3,2,0
754,23,8,0,0,0,3,2,0
755,48,65,1,1,2,2,2,1
756,1,14,0,1,1,2,2,1
757,28,8,0,0,0,3,2,0
758,18,12,0,0,0,2,2,0
759,34,8,0,0,0,3,2,0
760,33,86,1,0,0,1,2,1
761,28,14,0,0,0,3,2,0
762,41,7,0,0,0,3,2,0
763,20,7,0,0,0,3,0,1
764,36,120,1,1,2,1,2,1
765,16,8,0,0,0,3,2,0
766,51,78,1,1,0,1,2,1
767,28,40,0,0,0,1,0,0
768,30,8,1,0,0,3,1,0
769,28,24,0,1,0,3,1,0
770,32,8,0,0,0,3,2,0
771,24,10,0,0,0,3,2,0
772,48,8,0,0,0,3,2,0
773,57,10,1,0,0,2,2,0
774,28,7,0,0,0,3,0,0
775,54,23,1,1,3,2,2,1
776,18,8,0,0,0,3,2,0
777,28,8,0,0,0,3,1,0
778,5,12,1,0,0,3,2,1
779,28,8,0,0,0,3,1,0
780,43,211,1,0,1,1,2,1
781,13,7,1,0,0,3,0,1
782,17,57,1,1,0,1,2,1
783,29,30,0,0,0,1,2,0
784,28,23,0,1,2,3,2,0
785,25,7,0,0,0,3,2,0
786,25,7,0,0,0,3,2,0
787,18,7,1,0,0,3,2,1
788,8,29,0,4,1,3,1,0
789,1,21,0,1,2,3,2,1
790,46,79,0,0,0,1,0,0
791,28,8,0,0,0,3,1,0
792,16,26,0,0,0,2,2,0
793,28,70,1,8,2,3,2,0
794,28,31,0,0,0,1,0,0
795,25,8,0,0,0,3,2,0
796,39,13,0,0,0,2,2,0
797,49,26,1,0,0,1,2,1
798,31,9,1,0,0,3,2,1
799,30,7,0,0,0,3,0,0
800,30,24,1,1,1,3,2,0
801,34,13,0,0,0,2,2,0
802,31,26,1,1,1,2,2,1
803,11,120,0,1,2,1,2,1
804,0,9,0,0,1,3,0,1
805,27,7,0,0,0,3,2,1
806,31,8,0,0,0,3,2,0
807,39,0,0,0,0,1,2,0
808,18,8,1,0,0,3,2,0
809,39,13,0,0,0,2,2,0
810,33,53,1,1,0,1,2,1
811,26,8,0,0,0,3,2,0
812,39,24,0,0,0,3,2,0
813,35,10,0,0,0,2,2,0
814,6,31,1,4,2,3,2,0
815,30,8,0,0,0,3,2,0
816,28,0,0,0,0,1,2,0
817,23,8,1,0,0,3,2,0
818,31,37,0,1,1,2,0,0
819,43,6,0,0,0,3,2,0
820,10,28,0,3,2,3,2,0
821,52,94,1,1,1,1,2,1
822,27,9,0,0,0,3,2,1
823,38,0,0,0,0,1,2,0
824,27,12,1,0,1,3,2,1
825,2,40,0,4,1,3,2,0
826,28,7,0,0,0,3,1,0
827,28,56,0,0,0,3,2,0
828,1,37,0,0,2,2,0,1
829,28,8,0,0,0,3,1,1
830,62,80,1,0,0,1,,1
831,15,14,1,1,0,3,0,1
832,1,19,0,1,1,2,2,1
833,28,7,0,0,0,3,0,0
834,23,8,0,0,0,3,2,0
835,18,8,0,0,0,3,2,0
836,39,83,1,1,1,1,0,1
837,21,9,0,0,0,3,2,0
838,28,8,0,0,0,3,2,0
839,32,56,0,0,0,3,2,1
840,28,30,0,0,0,1,0,1
841,20,8,0,0,0,3,2,0
842,16,10,0,0,0,2,2,0
843,30,31,1,0,0,1,0,1
844,34,6,0,0,0,3,0,0
845,17,9,0,0,0,3,2,0
846,42,8,0,0,0,3,2,0
847,28,70,0,8,2,3,2,0
848,35,8,0,0,0,3,0,0
849,28,33,0,0,1,2,2,0
850,28,89,1,1,0,1,0,1
851,4,31,0,4,2,3,2,0
852,74,8,0,0,0,3,2,0
853,9,15,1,1,1,3,0,0
854,16,39,1,0,1,1,2,1
855,44,26,1,1,0,2,2,0
856,18,9,1,0,1,3,2,1
857,45,165,1,1,1,1,2,1
858,51,27,0,0,0,1,2,1
859,24,19,1,0,3,3,0,1
860,28,7,0,0,0,3,0,0
861,41,14,0,2,0,3,2,0
862,21,12,0,1,0,2,2,0
863,48,26,1,0,0,1,2,1
864,28,70,1,8,2,3,2,0
865,24,13,0,0,0,2,2,0
866,42,13,1,0,0,2,2,1
867,27,14,1,1,0,2,0,1
868,31,50,0,0,0,1,2,0
869,28,10,0,0,0,3,2,0
870,4,11,0,1,1,3,2,1
871,26,8,0,0,0,3,2,0
872,47,53,1,1,1,1,2,1
873,33,5,0,0,0,1,2,0
874,47,9,0,0,0,3,2,0
875,28,24,1,1,0,2,0,1
876,15,7,1,0,0,3,0,1
877,20,10,0,0,0,3,2,0
878,19,8,0,0,0,3,2,0
879,28,8,0,0,0,3,2,0
880,56,83,1,0,1,1,0,1
881,25,26,1,0,1,2,2,1
882,33,8,0,0,0,3,2,0
883,22,11,1,0,0,3,2,0
884,28,10,0,0,0,2,2,0
885,25,7,0,0,0,3,2,0
886,39,29,1,0,5,3,1,0
887,27,13,0,0,0,2,2,0
888,19,30,1,0,0,1,2,1
889,28,23,1,1,2,3,2,0
890,26,30,0,0,0,1,0,1
891,32,8,0,0,0,3,1,0
892,34,8,0,0,0,3,1,0
893,47,7,1,1,0,3,2,0
894,62,10,0,0,0,2,1,0
895,27,9,0,0,0,3,2,0
896,22,12,1,1,1,3,2,0
897,14,9,0,0,0,3,2,0
898,30,8,1,0,0,3,1,0
899,26,29,0,1,1,2,2,0
900,18,7,1,0,0,3,0,0
901,21,24,0,2,0,3,2,0
902,28,8,0,0,0,3,2,0
903,46,26,0,0,0,1,2,0
904,23,82,1,1,0,1,2,0
905,63,26,0,1,0,2,2,0
906,47,61,1,1,0,1,2,0
907,24,28,1,1,0,2,0,0
908,35,12,0,0,0,2,1,0
909,21,7,0,0,0,3,0,0
910,27,8,1,1,0,3,2,0
911,45,7,1,0,0,3,0,0
912,55,59,0,1,0,1,0,0
913,9,3,0,0,1,3,2,0
914,28,32,1,0,0,1,2,0
915,21,61,0,0,1,1,0,0
916,48,262,1,1,3,1,0,0
917,50,14,0,1,0,3,2,0
918,22,62,1,0,1,1,0,0
919,22,7,0,0,0,3,0,0
920,41,30,0,0,0,1,2,0
921,28,22,0,2,0,3,0,0
922,50,26,0,1,0,2,2,0
923,24,32,0,2,0,2,2,0
924,33,21,1,1,2,3,2,0
925,28,23,1,1,2,3,2,0
926,30,58,0,1,0,1,0,0
927,18,7,0,0,0,3,0,0
928,28,8,1,0,0,3,2,0
929,21,9,1,0,0,3,2,0
930,25,10,0,0,0,3,2,0
931,28,56,0,0,0,3,2,0
932,39,13,0,0,1,3,0,0
933,28,27,0,0,0,1,2,0
934,41,8,0,0,0,3,2,0
935,30,13,1,0,0,2,2,0
936,45,53,1,1,0,1,2,0
937,25,8,0,0,0,3,2,0
938,45,30,0,0,0,1,0,0
939,28,8,0,0,0,3,1,0
940,60,76,1,0,0,1,0,0
941,36,16,1,0,2,3,2,0
942,24,60,0,1,0,1,2,0
943,27,15,0,0,0,2,0,0
944,20,23,1,2,1,2,2,0
945,28,263,1,3,2,1,2,0
946,28,16,0,0,0,2,0,0
947,10,29,0,4,1,3,1,0
948,35,8,0,0,0,3,2,0
949,25,8,0,0,0,3,2,0
950,28,16,0,1,0,3,2,0
951,36,262,1,0,0,1,0,0
952,17,8,0,0,0,3,2,0
953,32,14,0,0,0,2,2,0
954,18,8,0,0,0,3,2,0
955,22,8,1,0,0,3,1,0
956,13,262,0,2,2,1,0,0
957,28,21,1,0,0,2,2,0
958,18,8,1,0,0,3,1,0
959,47,42,0,0,0,1,2,0
960,31,29,0,0,0,1,0,0
961,60,263,1,1,4,1,2,0
962,24,8,1,0,0,3,1,0
963,21,8,0,0,0,3,2,0
964,29,8,1,0,0,3,2,0
965,28,28,0,0,0,1,0,0
966,35,212,1,0,0,1,0,0
967,32,212,0,0,0,1,0,0
968,28,8,0,0,0,3,2,0
969,55,26,1,2,0,1,2,0
970,30,13,0,0,0,2,2,0
971,24,8,1,0,0,3,1,0
972,6,15,0,1,1,3,0,0
973,67,222,0,1,0,1,2,0
974,49,26,0,0,0,1,2,0
975,28,8,0,0,0,3,2,0
976,28,11,0,0,0,2,1,0
977,28,14,0,1,0,3,0,0
978,27,8,1,0,0,3,1,0
979,18,8,1,0,0,3,2,0
980,28,8,1,0,0,3,1,0
981,2,23,0,1,1,2,2,0
982,22,14,1,1,0,3,2,0
983,28,8,0,0,0,3,2,0
984,27,52,1,1,2,1,2,0
985,28,8,0,0,0,3,2,0
986,25,26,0,0,0,1,0,0
987,25,8,0,0,0,3,2,0
988,76,79,1,1,0,1,2,0
989,29,8,0,0,0,3,2,0
990,20,8,1,0,0,3,2,0
991,33,8,0,0,0,3,2,0
992,43,55,1,1,0,1,0,0
993,27,26,0,1,0,2,2,0
994,28,8,0,0,0,3,1,0
995,26,8,0,0,0,3,2,0
996,16,9,1,1,1,3,0,0
997,28,23,0,0,0,3,2,0
998,21,8,0,0,0,3,1,0
999,28,8,0,0,0,3,1,0
1000,28,9,0,0,0,3,2,0
1001,18,13,0,0,0,2,2,0
1002,41,15,0,0,0,2,0,0
1003,28,8,1,0,0,3,1,0
1004,36,32,1,0,0,1,0,0
1005,18,7,1,0,0,3,1,0
1006,63,222,1,1,0,1,2,0
1007,18,14,0,1,0,3,0,0
1008,28,6,0,0,0,3,0,0
1009,1,17,1,1,1,3,2,0
1010,36,75,0,0,0,1,0,0
1011,29,26,1,1,0,2,2,0
1012,12,16,1,0,0,2,2,0
1013,28,8,0,1,0,3,1,0
1014,35,58,1,1,0,1,0,0
1015,28,7,0,0,0,3,2,0
1016,28,8,0,0,0,3,1,0
1017,17,16,1,0,1,3,2,0
1018,22,8,0,0,0,3,2,0
1019,28,23,1,2,0,3,1,0
1020,42,13,0,0,0,2,2,0
1021,24,8,0,0,0,3,2,0
1022,32,8,0,0,0,3,2,0
1023,53,28,0,0,0,1,0,0
1024,28,25,1,0,4,3,2,0
1025,28,6,0,1,0,3,0,0
1026,43,8,0,0,0,3,2,0
1027,24,8,0,0,0,3,2,0
1028,26,7,0,0,0,3,0,0
1029,26,13,0,0,0,2,2,0
1030,23,8,1,0,0,3,2,0
1031,40,47,0,1,6,3,2,0
1032,10,47,1,5,2,3,2,0
1033,33,152,1,0,0,1,2,0
1034,61,262,0,1,3,1,0,0
1035,28,26,0,0,0,2,2,0
1036,42,27,0,0,0,1,2,0
1037,31,18,0,3,0,3,2,0
1038,28,52,0,0,0,1,2,0
1039,22,8,0,0,0,3,2,0
1040,28,27,0,0,0,1,2,0
1041,30,26,0,1,1,2,2,0
1042,23,83,1,0,1,1,0,0
1043,28,8,0,0,0,3,0,0
1044,60,14,0,0,0,3,2,0
1045,36,12,1,0,2,3,2,0
1046,13,31,0,4,2,3,2,0
1047,24,8,0,0,0,3,2,0
1048,29,222,1,0,0,1,2,0
1049,23,8,1,0,0,3,2,0
1050,42,27,0,0,0,1,2,0
1051,26,14,1,0,2,3,2,0
1052,28,8,1,0,0,3,1,0
1053,7,15,0,1,1,3,0,0
1054,26,14,1,0,0,2,2,0
1055,28,7,0,0,0,3,2,0
1056,41,13,0,0,0,2,2,0
1057,26,22,1,1,1,3,2,0
1058,48,50,0,0,0,1,0,0
1059,18,34,0,2,2,3,2,0
1060,28,28,1,0,0,1,0,0
1061,22,9,1,0,0,3,2,0
1062,28,8,0,0,0,3,2,0
1063,27,7,0,0,0,3,0,0
1064,23,14,0,1,0,3,2,0
1065,28,7,0,0,0,3,0,0
1066,40,31,0,1,5,3,2,0
1067,15,39,1,0,2,2,2,0
1068,20,37,1,0,0,2,2,0
1069,54,55,0,1,0,1,0,0
1070,36,39,1,0,3,2,2,0
1071,64,83,1,0,2,1,0,0
1072,30,13,0,0,0,2,2,0
1073,37,83,0,1,1,1,0,0
1074,18,53,1,1,0,1,2,0
1075,28,8,0,0,0,3,1,0
1076,27,248,1,1,1,1,0,0
1077,40,16,0,0,0,2,2,0
1078,21,21,1,0,1,2,2,0
1079,17,8,0,2,0,3,2,0
1080,28,70,1,8,2,3,2,0
1081,40,13,0,0,0,2,2,0
1082,34,26,0,1,0,2,2,0
1083,28,26,0,0,0,1,2,0
1084,12,14,0,1,1,3,2,0
1085,61,12,0,0,0,2,1,0
1086,8,32,0,0,2,2,2,0
1087,33,8,0,0,0,3,2,0
1088,6,134,0,0,2,1,0,0
1089,18,8,1,0,0,3,2,0
1090,23,10,0,0,0,2,2,0
1091,28,8,1,0,0,3,2,0
1092,28,16,1,0,0,3,1,0
1093,0,14,0,0,2,3,2,0
1094,47,228,0,1,0,1,0,0
1095,8,26,1,1,1,2,2,0
1096,25,10,0,0,0,2,2,0
1097,28,26,0,0,0,1,0,0
1098,35,8,1,0,0,3,1,0
1099,24,10,0,0,0,2,2,0
1100,33,28,1,0,0,1,0,0
1101,25,8,0,0,0,3,2,0
1102,32,23,0,0,0,3,2,0
1103,28,7,0,0,0,3,2,0
1104,17,74,0,0,0,2,2,0
1105,60,26,1,1,0,2,2,0
1106,38,8,1,4,2,3,2,0
1107,42,42,0,0,0,1,2,0
1108,28,8,1,0,0,3,1,0
1109,57,165,0,1,1,1,2,0
1110,50,212,1,1,1,1,0,0
1111,28,8,0,0,0,3,2,0
1112,30,14,1,1,0,2,0,0
1113,21,8,0,0,0,3,2,0
1114,22,10,1,0,0,2,2,0
1115,21,8,0,0,0,3,2,0
1116,53,27,1,0,0,1,0,0
1117,28,15,1,0,2,3,0,0
1118,23,8,0,0,0,3,2,0
1119,28,8,1,0,0,3,1,0
1120,40,15,0,0,0,3,2,0
1121,36,13,0,0,0,2,2,0
1122,14,65,0,0,0,2,2,0
1123,21,27,1,0,0,1,2,0
1124,21,6,0,1,0,3,2,0
1125,28,8,0,0,0,3,1,0
1126,39,71,0,1,0,1,0,0
1127,20,8,0,0,0,3,2,0
1128,64,75,0,1,0,1,0,0
1129,20,7,0,0,0,3,0,0
1130,18,13,1,1,1,2,2,0
1131,48,106,1,1,0,1,0,0
1132,55,28,1,0,0,1,0,0
1133,45,30,1,0,2,2,2,0
1134,45,134,0,1,1,1,0,0
1135,28,8,0,0,0,3,2,0
1136,28,23,0,1,2,3,2,0
1137,41,52,0,1,0,1,2,0
1138,22,21,1,0,0,2,2,0
1139,42,32,0,1,1,2,2,0
1140,29,26,1,1,0,2,2,0
1141,28,14,1,1,0,3,0,0
1142,1,28,1,1,2,2,2,0
1143,20,8,0,0,0,3,2,0
1144,27,137,0,1,0,1,0,0
1145,24,9,0,0,0,3,2,0
1146,32,10,0,0,0,3,2,0
1147,28,8,0,0,0,3,2,0
1148,28,8,0,0,0,3,1,0
1149,28,8,0,0,0,3,2,0
1150,19,13,1,0,0,2,2,0
1151,21,8,0,0,0,3,2,0
1152,36,17,0,1,0,3,2,0
1153,21,8,0,0,0,3,2,0
1154,29,23,1,0,2,2,2,0
1155,1,12,1,1,1,3,2,0
1156,30,13,0,0,0,2,0,0
1157,28,8,0,0,0,3,2,0
1158,28,0,0,0,0,1,2,0
1159,28,8,0,0,0,3,2,0
1160,28,8,1,0,0,3,2,0
1161,17,9,0,0,0,3,2,0
1162,46,75,0,0,0,1,0,0
1163,28,8,0,0,0,3,1,0
1164,26,137,1,1,0,1,0,0
1165,28,16,1,1,0,3,1,0
1166,28,7,0,0,0,3,0,0
1167,20,26,1,1,0,2,2,0
1168,28,10,0,0,0,2,2,0
1169,40,26,0,1,0,2,2,0
1170,30,21,0,1,0,2,2,0
1171,22,10,0,0,0,2,2,0
1172,23,9,1,0,0,3,2,0
1173,1,14,0,1,1,3,2,0
1174,28,8,1,0,0,3,1,0
1175,9,15,1,1,1,3,0,0
1176,2,20,1,1,1,3,2,0
1177,36,7,0,0,0,3,2,0
1178,28,7,0,0,0,3,2,0
1179,24,82,0,1,0,1,2,0
1180,28,7,0,0,0,3,0,0
1181,28,8,0,0,0,3,2,0
1182,28,40,0,0,0,1,2,0
1183,30,7,1,0,0,3,1,0
1184,28,7,0,0,0,3,0,0
1185,53,82,0,1,1,1,2,0
1186,36,10,0,0,0,3,2,0
1187,26,8,0,0,0,3,2,0
1188,1,42,1,1,2,2,0,0
1189,28,22,0,2,0,3,0,0
1190,30,46,0,0,0,1,2,0
1191,29,8,0,0,0,3,2,0
1192,32,8,0,0,0,3,2,0
1193,28,15,0,0,0,2,0,0
1194,43,21,0,0,1,2,2,0
1195,24,9,0,0,0,3,2,0
1196,28,8,1,0,0,3,1,0
1197,64,27,1,1,1,1,2,0
1198,30,152,0,1,2,1,2,0
1199,1,9,0,0,1,3,2,0
1200,55,94,0,1,1,1,2,0
1201,45,14,1,1,0,3,2,0
1202,18,9,0,0,0,3,2,0
1203,22,7,0,0,0,3,0,0
1204,28,8,0,0,0,3,2,0
1205,37,8,1,0,0,3,1,0
1206,55,136,1,0,0,1,0,0
1207,17,8,1,0,0,3,1,0
1208,57,147,0,1,0,1,0,0
1209,19,10,0,0,0,2,2,0
1210,27,8,0,0,0,3,2,0
1211,22,32,0,2,0,2,2,0
1212,26,8,0,0,0,3,2,0
1213,25,7,0,0,0,3,0,0
1214,26,13,0,0,0,2,2,0
1215,33,27,0,0,0,1,2,0
1216,39,211,1,0,0,1,2,0
1217,23,7,0,0,0,3,2,0
1218,12,39,1,2,1,2,2,0
1219,46,79,0,0,0,1,0,0
1220,29,26,0,1,0,2,2,0
1221,21,13,0,0,0,2,2,0
1222,48,37,1,0,2,2,2,0
1223,39,30,0,0,0,1,0,0
1224,28,7,0,0,0,3,0,0
1225,19,16,1,1,1,3,0,0
1226,27,8,0,0,0,3,2,0
1227,30,26,0,0,0,1,2,0
1228,32,13,0,0,0,2,2,0
1229,39,7,0,0,2,3,0,0
1230,25,32,0,0,0,2,2,0
1231,28,7,0,0,0,3,0,0
1232,18,10,0,0,0,2,2,0
1233,32,8,0,0,0,3,2,0
1234,28,70,0,1,9,3,2,0
1235,58,512,1,0,1,1,0,0
1236,28,14,0,1,1,3,2,0
1237,16,8,1,0,0,3,2,0
1238,26,13,0,0,0,2,2,0
1239,38,7,1,0,0,3,0,0
1240,24,14,0,0,0,2,2,0
1241,31,21,1,0,0,2,2,0
1242,45,63,1,0,1,1,0,0
1243,25,10,0,0,0,2,2,0
1244,18,74,0,0,0,2,2,0
1245,49,65,0,1,2,2,2,0
1246,0,21,1,1,2,3,2,0
1247,50,26,0,0,0,1,2,0
1248,59,51,1,2,0,1,2,0
1249,28,8,0,0,0,3,2,0
1250,28,8,0,0,0,3,1,0
1251,30,16,1,1,0,3,2,0
1252,14,70,0,8,2,3,2,0
1253,24,37,1,1,1,2,0,0
1254,31,21,1,0,0,2,2,0
1255,27,9,0,0,0,3,2,0
1256,25,55,1,1,0,1,0,0
1257,28,70,1,1,9,3,2,0
1258,28,14,0,1,0,3,0,0
1259,22,40,1,0,0,3,2,0
1260,45,59,1,0,1,1,0,0
1261,29,14,0,0,0,2,0,0
1262,21,12,0,1,0,2,2,0
1263,31,134,1,0,0,1,0,0
1264,49,0,0,0,0,1,2,0
1265,44,13,0,0,0,2,2,0
1266,54,82,1,1,1,1,2,0
1267,45,262,1,0,0,1,0,0
1268,22,9,1,2,0,3,2,0
1269,21,12,0,0,0,2,2,0
1270,55,50,0,0,0,1,2,0
1271,5,31,0,4,2,3,2,0
1272,28,8,0,0,0,3,1,0
1273,26,8,0,0,0,3,1,0
1274,28,14,1,0,0,3,2,0
1275,19,16,1,1,0,3,2,0
1276,28,13,0,0,0,2,2,0
1277,24,65,1,1,2,2,2,0
1278,24,8,0,0,0,3,2,0
1279,57,13,0,0,0,2,2,0
1280,21,8,0,0,0,3,1,0
1281,6,21,0,3,1,3,2,0
1282,23,94,0,0,0,1,2,0
1283,51,39,1,0,1,1,2,0
1284,13,20,0,0,2,3,2,0
1285,47,10,0,0,0,2,2,0
1286,29,22,0,3,1,3,2,0
1287,18,60,1,1,0,1,2,0
1288,24,7,0,0,0,3,1,0
1289,48,79,1,1,1,1,0,0
1290,22,8,0,0,0,3,2,0
1291,31,8,0,0,0,3,1,0
1292,30,165,1,0,0,1,2,0
1293,38,21,0,1,0,2,2,0
1294,22,59,1,0,1,1,0,0
1295,17,47,0,0,0,1,2,0
1296,43,28,0,1,0,1,0,0
1297,20,14,0,0,0,2,0,0
1298,23,10,0,1,0,2,2,0
1299,50,212,0,1,1,1,0,0
1300,28,8,1,0,0,3,1,0
1301,3,14,1,1,1,3,2,0
1302,28,8,1,0,0,3,1,0
1303,37,90,1,1,0,1,1,0
1304,28,8,1,0,0,3,2,0
1305,28,8,0,0,0,3,2,0
1306,39,109,1,0,0,1,0,0
1307,38,7,0,0,0,3,2,0
1308,28,8,0,0,0,3,2,0
1309,28,22,0,1,1,3,0,0
